people_in_pic,friends,gender
1,,m
1,,w
2,559,w
1,,w
1,,m
1,607,w
2,,w
2,604,w
1,424,w
1,,m
1,,w
1,115,m
0,222,m
2,,m
2,529,m
1,,w
0,123,m
0,493,w
1,918,m
2,703,m
1,,m
1,,m
1,,w
2,,w
1,298,w
2,1222,m
1,4604,w
0,,m
1,,w
1,,w
2,,w
1,1988,m
1,140,w
1,333,m
2,1679,w
1,,m
1,,w
1,,w
2,,w
1,459,w
0,,w
1,,w
0,266,w
1,,m
0,,m
1,481,w
1,703,m
1,,m
1,,m
1,127,m
5,,m
1,475,w
1,398,m
1,801,m
4,972,m
0,,m
2,,w
2,319,m
0,,w
1,863,w
1,,m
2,717,w
1,,m
1,579,w
0,827,m
1,,m
2,517,w
1,,w
2,,m
1,136,w
2,313,m
1,,w
2,1098,m
2,,w
2,762,w
3,,m
1,,w
1,,w
3,,m
2,241,w
1,576,m
1,1698,w
2,673,m
0,,m
1,723,w
1,185,m
1,,m
1,521,m
2,633,w
1,1336,m
3,907,w
1,1334,w
1,1115,m
1,,w
3,,w
1,,m
4,,m
1,,m
1,,w
1,214,m
1,,w
1,,m
1,356,w
1,,w
2,,w
1,,w
1,,w
2,,w
1,,m
2,,w
1,,w
1,,m
1,,w
0,,m
1,,m
1,,w
1,,m
1,,m
1,,m
1,,m
1,,m
1,,w
2,,m
1,1414,m
1,,w
0,2,w
2,,w
2,,m
2,,w
1,642,m
1,1150,m
2,,w
2,564,m
1,,m
1,,w
1,2366,m
3,,w
1,,m
2,,w
1,303,m
1,,w
1,,w
2,452,w
5,657,w
1,765,w
2,,m
1,,w
1,,m
2,375,w
1,,m
2,,w
2,363,m
1,,w
4,,w
1,253,m
1,,w
2,853,m
1,,w
1,1079,w
1,,w
2,,m
1,527,w
0,,m
2,,w
1,,m
1,953,m
0,,w
1,,w
1,,w
2,,m
2,,w
1,869,w
2,970,w
2,,w
0,346,m
0,,w
1,313,m
1,1169,w
4,,w
2,294,w
1,565,m
0,,w
1,,w
3,,m
1,,m
1,,w
2,,m
1,1455,m
1,401,m
1,172,w
0,,w
2,448,m
1,,w
3,47,w
1,681,m
1,,m
2,888,m
3,671,w
2,,w
1,,m
0,3,m
1,29,w
1,1758,m
2,,m
2,1402,m
2,1497,m
2,1712,w
1,1014,m
1,1010,w
2,105,m
1,1818,m
1,368,w
1,,m
1,526,m
1,1066,w
1,,m
1,520,w
1,895,m
2,1307,m
1,899,w
1,,m
1,,w
2,1530,w
0,50,w
1,,w
1,1726,w
1,668,m
1,609,m
0,1459,w
1,1155,m
1,1369,w
1,36,w
1,1230,w
1,843,m
1,1212,w
1,352,m
1,1405,m
1,991,w
1,1222,w
1,795,w
1,,w
1,,m
1,3579,w
2,1740,w
0,375,w
0,847,m
1,,w
2,960,m
1,870,w
1,636,m
1,1301,m
1,1707,m
1,1601,w
2,537,m
1,1261,m
1,500,w
3,964,w
1,1560,w
4,811,w
1,1482,m
2,2014,m
1,,m
1,1217,m
2,203,w
2,,w
1,1359,w
1,1315,w
2,1477,w
2,949,w
1,590,w
3,1224,w
1,,m
2,,m
1,,w
1,,w
1,195,w
1,,w
1,1382,w
1,1875,m
2,1454,m
1,1775,m
1,999,m
1,1021,w
1,72,m
1,1433,m
2,1965,w
1,995,w
1,750,w
1,1260,m
1,1011,w
1,,m
1,570,w
2,902,w
1,,w
2,1198,w
1,,w
1,1479,m
1,905,m
1,639m,
1,1543,w
1,486,w
0,,w
1,1300,m
2,1496,m
2,2261,m
1,,m
1,69,w
1,,w
2,1006,w
1,385,m
3,1788,w
1,,m
1,481,w
3,984,w
1,1496,w
1,1597,m
1,2508,w
1,750,w
1,1047,w
1,899,w
1,705,w
1,1427,w
1,1319,m
1,,m
2,895,w
1,951,w
1,1168,w
1,1068,w
1,876,m
2,783,m
5,3452,m
1,2207,m
1,638,m
1,1284,w
2,1445,w
1,210,w
1,1226,w
1,291,w
1,1452,m
1,2807,m
2,782,w
1,518m
1,661,w
1,,m
1,1012,m
1,1165,m
1,1809,w
2,223,w
0,638,w
1,,w
1,1164,m
1,1747,m
1,664,w
1,595,m
0,1438,m
2,1247,w
1,,w
1,1239,m
1,,w
1,801,m
1,1184,w
1,,m
1,677,w
1,676,w
7,1086,m
2,949,m
1,2571,m
1,1267,m
1,788,m
1,1111,w
2,933,m
1,,w
1,621,m
1,1073,m
1,1092,m
0,1150,m
3,1736,m
2,1263,m
1,,m
1,381,m
1,1160,w
1,1380,m
1,1139,m
1,970,w
1,3454,w
2,995,m
1,2341,m
1,,m
1,1557,m
4,1158,m
1,1990,m
1,929,m
1,925,w
1,1056,m
1,711,m
1,793,w
1,1450,w
1,,m
3,947,m
1,1517,w
1,1682,w
1,2460,m
1,663,w
1,,m
2,688,m
1,1677,m
2,1063,m
1,410,m
1,1201,m
1,768,w
3,1063,w
3,138,w
1,2203,m
1,3160,m
1,1245,w
1,1617,w
1,1463,m
1,897,w
1,735,w
2,1203,w
1,1248,w
1,820,m
1,1962,w
1,570,m
1,1957,w
1,519,w
1,1058,m
1,1248,m
1,1426,w
1,901,m
2,1401,m
2,,w
1,470,w
4,1946,m
3,1579,w
1,,w
1,,w
1,865,m
1,182,m
1,100,w
2,902,m
2,,m
1,403,m
0,524,w
0,30,o
2,,m
1,779,w
1,,w
1,,m
1,722,m
1,947,w
2,,w
1,462,w
1,748,w
2,519,w
1,881,m
1,1703,w
1,705,w
0,566,w
2,638,w
1,1000,w
1,915,w
1,1004,w
1,1155,w
0,,w
1,1808,m
1,887,w
1,181,w
1,1577,w
1,1010,m
1,641,m
1,1595,w
1,1490,m
1,1039,w
1,985,m
2,,w
2,1076,m
1,641,w
1,1151,w
4,1671,m
1,1111,m
2,2039,m
1,671,m
1,,m
1,354,m
1,759,w
1,1649,m
2,,w
1,2119,w
1,566,m
1,,m
1,,w
1,,w
2,987,w
1,1494,m
1,,w
1,,w
1,481,m
1,238,w
1,476,w
1,1040,m
1,473,w
2,965,w
1,1388,w
1,,m
1,,w
2,1561,w
1,,m
1,1758,w
1,749,m
0,328,w
1,1367,w
1,1203,w
1,,w
1,744,w
1,1031,m
1,514,m
1,,w
1,845,w
1,,w
1,,w
2,,w
1,960,m
2,1663,w
5,1145,m
1,4980,w
2,1447,m
2,482,m
2,454,m
1,1090,m
1,1248,m
1,1417,m
1,1543,w
1,2577,m
1,938,m
1,205,w
2,1265,w
1,779,w
2,1242,w
1,759,m
1,1154,w
9,,m
1,1818,w
5,1870,w
1,803,w
2,352,w
7,1111,m
2,885,w
1,1214,w
1,1484,w
1,800,m
3,,w
4,1121,w
2,1110,m
2,1225,w
1,1038,m
3,1875,w
1,2450,m
1,880,w
1,628,w
1,2112,m
2,889,w
0,305,w
1,,w
1,583,w
5,808,w
2,391,w
1,,w
4,1444,m
1,410,w
1,,m
3,1900,w
1,1146,m
1,1068,w
1,1676,m
1,1630,w
1,,m
3,634,w
5,838,w
1,966,m
1,869,w
1,,w
2,1207,m
1,1295,w
1,1073,w
2,2711,m
1,1481,w
1,,w
1,2418,m
2,393,w
1,2461,m
6,1041,m
1,871,m
1,881,m
1,465,m
1,1421,m
2,763,w
2,1324,w
2,1623,w
1,,m
4,292,w
2,555,w
2,606,w
0,491,w
1,1520,m
2,1272,m
1,1304,w
1,1384,w
1,960,w
1,814,m
1,505,w
2,889,w
1,,m
3,1778,w
2,,w
1,1739,m
1,1790,w
1,1487,w
2,514,w
1,2039,m
1,,w
2,1221,w
2,408,w
1,1287,w
3,984,w
0,,w
1,899,m
1,921,m
1,1181,w
1,2457,w
2,1105,m
1,,m
2,,m
1,1641,m
1,838,w
1,,w
2,800,m
1,750,m
1,1221,w
2,1171,m
4,548,m
2,636,w
2,,w
2,1588,w
2,,w
1,1532,w
4,1479,m
3,1722,w
2,769,w
0,,w
1,1006,w
0,,m
1,,w
7,724,m
2,1176,w
1,1323,m
2,,w
1,1308,m
1,854,m
3,1252,w
1,1544,w
1,969,w
1,451,m
1,,m
2,1146,w
1,2982,m
1,1400,m
3,464,m
0,617,m
1,308,w
2,2509,m
0,340,w
0,360,w
1,1978,w
1,1525,m
2,754,w
2,921,m
4,2364,m
3,1420,m
1,1614,w
2,1036,w
1,714,w
1,1175,w
1,94,m
2,480,w
1,321,w
2,377,w
1,445,w
3,388,w
2,478,w
2,921,w
0,,w
2,,m
7,1097,m
1,,w
2,1231,m
1,302,w
2,1782,m
1,217,w
2,1796,w
2,936,w
1,400,w
1,384,w
0,30,w
1,1504,m
1,,m
2,950,w
2,984,w
1,989,w
1,856,m
1,1524,w
2,1237,m
1,1371,w
1,289,w
2,2054,w
1,447,m
1,1435,w
1,636,w
3,1094,m
1,323,w
1,691,m
3,1130,w
2,464,w
1,514,w
2,1404,w
2,1169,w
2,1743,m
2,858,w
2,1056,m
0,989,w
1,1503,w
0,,w
1,,w
2,1851,w
1,1473,w
2,870,m
2,,w
0,80,m
4,610,m
2,1697,m
2,547,w
6,625,m
1,1700,m
2,713,m
1,656,w
2,1765,w
3,1079,w
2,1121,m
5,1189,w
3,640,m
1,923,w
2,1807,w
3,805,m
1,,m
1,807,m
2,1413,m
1,73,w
2,1535,m
1,394,w
2,,w
1,487,m
2,1432,m
2,1325,w
2,1909,w
1,300,m
1,80,w
1,617,m
0,237,m
2,923,m
3,1384,w
1,652,m
0,711,w
1,398,w
1,620,w
1,228,w
1,857,w
1,1419,m
1,1580,w
1,1154,w
2,808,w
1,898,m
1,473,w
2,570,m
1,739,w
1,133,w
2,1862,m
1,676,w
1,576,m
0,,w
1,,w
1,118,w
2,184,w
2,503,m
1,1258,w
1,982,w
2,1333,w
1,491,w
1,1680,m
2,,w
2,403,w
1,590,w
2,594,m
2,872,m
2,858,w
1,322,m
2,850,w
1,800,w
2,1737,m
1,881,w
3,851,w
1,899,w
1,1509,w
2,830,w
1,78,w
1,1307,w
3,958,m
1,892,w
2,1669,w
1,1187,m
2,499,w
0,,m
1,838,m
1,1148,w
1,1093,w
2,962,m
1,1143,w
2,1141,w
1,,w
1,495,m
1,887,w
1,1359,w
1,1148,w
1,598,w
1,1535,w
1,684,w
2,185,m
1,1024,w
1,,m
2,586,m
2,1663,m
2,963,w
0,,w
2,1136,w
2,602,m
1,44,m
2,1124,w
2,662,w
2,1085,w
3,1045,m
1,197,m
1,409,m
1,483,w
2,1326,w
1,1356,m
2,1009,w
1,189,w
0,,m
3,752,m
1,876,w
1,1325,w
1,20,w
1,95,w
1,559,w
1,1598,m
3,878,w
1,,m
2,1216,w
3,1181,w
2,867,m
1,1147,w
2,822,m
1,930,w
1,1170,m
0,130,w
1,967,m
2,1103,w
2,659,m
1,416,m
1,,w
2,952,m
2,982,w
1,450,w
3,1134,w
1,951,m
1,1199,w
0,5,w
1,379,m
1,645,w
1,98,m
0,1015,w
1,979,w
1,415,w
1,110,w
2,822,w
1,117,w
1,154,w
0,294,m
1,,m
1,163,w
2,1540,w
1,419,w
1,48,w
1,,w
1,579,m
1,48,m
1,612,w
1,442,m
1,984,w
2,,w
1,83,w
1,,w
2,1884,w
1,11,w
2,959,w
0,483,w
2,1269,w
1,790,w
1,835,m
1,1410,w
1,901,w
1,383,w
1,145,w
0,,w
3,603,w
1,154,w
1,,w
1,341,w
2,519,m
2,1068,w
3,1025,m
1,266,m
2,1492,w
3,90,m
1,582,w
1,321,m
1,46,w
0,,w
1,1220,m
1,430,w
0,14,m
1,,w
2,365,w
1,33,w
1,,w
1,,w
1,657,w
1,588,w
1,349,w
1,95,w
1,,m
1,600,w
2,878,m
0,,o
1,198,w
1,,w
2,18,m
1,1080,w
3,2694,m
1,53,w
2,645,w
1,358,m
1,130,w
1,754,m
1,397,w
1,150,w
2,467,w
0,659,m
0,3,m
0,880,m
1,167,w
1,373,w
2,632,m
1,937,m
1,4,m
0,238,o
1,,m
0,391,o
1,20,w
1,724,w
1,,w
0,,m
1,24,w